,index_zmu_origin,zmu,score_trip_counts,score_trip_time,score_breaktime,score_trip_distance,mark_trip_counts,mark_trip_time,mark_breaktime,mark_trip_distance
0,1109.0,1001614,3,4,2,2,Important,Relevant,Average,Average
1,45.0,1058009,4,3,2,2,Relevant,Important,Average,Average
2,47.0,1058003,4,4,2,3,Relevant,Relevant,Average,Important
3,268.0,1001803,3,4,2,2,Important,Relevant,Average,Average
4,174.0,1000184,2,3,2,2,Average,Important,Average,Average
5,737.0,1000185,3,4,3,2,Important,Relevant,Important,Average
6,1075.0,1001715,3,4,2,2,Important,Relevant,Average,Average
7,211.0,1000915,1,1,2,1,Low,Low,Average,Low
8,401.0,1001612,3,4,2,2,Important,Relevant,Average,Average
9,678.0,1001635,3,4,2,2,Important,Relevant,Average,Average
10,166.0,1001737,3,4,2,2,Important,Relevant,Average,Average
11,1049.0,1001736,4,4,2,3,Relevant,Relevant,Average,Important
12,329.0,1001708,4,4,2,2,Relevant,Relevant,Average,Average
13,901.0,1000627,2,3,1,2,Average,Important,Low,Average
14,592.0,1000632,3,3,2,2,Important,Important,Average,Average
15,210.0,1000204,3,3,2,2,Important,Important,Average,Average
16,34.0,1002009,2,4,1,3,Average,Relevant,Low,Important
17,440.0,1000270,2,3,1,2,Average,Important,Low,Average
18,1054.0,1002022,4,3,2,3,Relevant,Important,Average,Important
19,151.0,1000319,3,3,2,2,Important,Important,Average,Average
20,864.0,1000334,3,4,1,2,Important,Relevant,Low,Average
21,257.0,1000311,3,4,1,3,Important,Relevant,Low,Important
22,793.0,1000320,3,4,2,2,Important,Relevant,Average,Average
23,794.0,1000337,2,4,2,3,Average,Relevant,Average,Important
24,976.0,1001709,3,4,2,2,Important,Relevant,Average,Average
25,783.0,1000306,3,4,2,2,Important,Relevant,Average,Average
26,427.0,1002007,3,4,2,3,Important,Relevant,Average,Important
27,746.0,1000206,3,4,2,2,Important,Relevant,Average,Average
28,804.0,1000407,3,3,2,2,Important,Important,Average,Average
29,1078.0,1000275,2,4,3,2,Average,Relevant,Important,Average
30,646.0,1000241,3,4,2,2,Important,Relevant,Average,Average
31,1228.0,1000216,2,4,1,2,Average,Relevant,Low,Average
32,405.0,1000235,2,3,3,2,Average,Important,Important,Average
33,223.0,1000215,3,4,3,2,Important,Relevant,Important,Average
34,252.0,1000475,1,4,2,4,Low,Relevant,Average,Relevant
35,863.0,1000490,3,4,2,2,Important,Relevant,Average,Average
36,1129.0,1001524,4,4,2,4,Relevant,Relevant,Average,Relevant
37,805.0,1000532,3,4,2,2,Important,Relevant,Average,Average
38,125.0,1000322,2,4,2,3,Average,Relevant,Average,Important
39,273.0,1000701,3,3,2,2,Important,Important,Average,Average
40,598.0,1001638,2,4,3,3,Average,Relevant,Important,Important
41,612.0,1001519,3,4,2,2,Important,Relevant,Average,Average
42,22.0,1058047,4,3,2,2,Relevant,Important,Average,Average
43,877.0,1000510,4,3,2,2,Relevant,Important,Average,Average
44,1314.0,1000477,3,4,2,2,Important,Relevant,Average,Average
45,167.0,1000422,2,3,3,2,Average,Important,Important,Average
46,657.0,1000521,2,4,2,2,Average,Relevant,Average,Average
47,23.0,1002039,2,3,1,2,Average,Important,Low,Average
48,868.0,1000545,1,4,1,3,Low,Relevant,Low,Important
49,905.0,1000537,2,3,2,2,Average,Important,Average,Average
50,872.0,1000503,3,4,2,3,Important,Relevant,Average,Important
51,714.0,1000146,3,4,2,2,Important,Relevant,Average,Average
52,686.0,1000914,3,4,2,2,Important,Relevant,Average,Average
53,889.0,1000523,2,3,2,2,Average,Important,Average,Average
54,893.0,1000526,3,3,2,2,Important,Important,Average,Average
55,553.0,1058065,4,3,2,2,Relevant,Important,Average,Average
56,76.0,1058104,4,3,2,2,Relevant,Important,Average,Average
57,941.0,1000702,3,3,2,2,Important,Important,Average,Average
58,537.0,1000282,2,4,2,2,Average,Relevant,Average,Average
59,524.0,1058036,4,4,2,4,Relevant,Relevant,Average,Relevant
60,853.0,1000493,3,3,2,2,Important,Important,Average,Average
61,8.0,1002040,3,3,2,2,Important,Important,Average,Average
62,477.0,1002058,3,4,2,2,Important,Relevant,Average,Average
63,519.0,1058038,4,4,2,4,Relevant,Relevant,Average,Relevant
64,109.0,1002038,3,3,2,2,Important,Important,Average,Average
65,78.0,1000553,3,4,2,2,Important,Relevant,Average,Average
66,993.0,1000812,4,3,2,2,Relevant,Important,Average,Average
67,897.0,1000529,3,3,2,3,Important,Important,Average,Important
68,32.0,1058114,4,3,2,2,Relevant,Important,Average,Average
69,1320.0,1000706,3,3,1,2,Important,Important,Low,Average
70,10.0,1058119,4,3,2,2,Relevant,Important,Average,Average
71,937.0,1000634,2,3,2,2,Average,Important,Average,Average
72,1052.0,1001003,3,4,2,2,Important,Relevant,Average,Average
73,1069.0,1001020,3,4,1,3,Important,Relevant,Low,Important
74,629.0,1001001,3,3,2,2,Important,Important,Average,Average
75,1012.0,1001027,3,3,4,2,Important,Important,Relevant,Average
76,1267.0,1001312,2,2,2,2,Average,Average,Average,Average
77,749.0,1001414,4,3,2,2,Relevant,Important,Average,Average
78,208.0,1000816,3,3,1,2,Important,Important,Low,Average
79,111.0,1000924,3,4,2,2,Important,Relevant,Average,Average
80,1039.0,1000919,3,3,2,2,Important,Important,Average,Average
81,1154.0,1001112,3,4,2,2,Important,Relevant,Average,Average
82,1138.0,1001136,3,3,1,2,Important,Important,Low,Average
83,1156.0,1001114,3,3,2,2,Important,Important,Average,Average
84,1160.0,1001116,3,4,2,2,Important,Relevant,Average,Average
85,69.0,1058074,4,3,2,2,Relevant,Important,Average,Average
86,87.0,1000824,3,3,2,2,Important,Important,Average,Average
87,1028.0,1000855,2,4,2,2,Average,Relevant,Average,Average
88,551.0,1058064,4,3,2,2,Relevant,Important,Average,Average
89,526.0,1058039,4,3,2,2,Relevant,Important,Average,Average
90,182.0,1000858,3,2,2,2,Important,Average,Average,Average
91,62.0,1058057,4,4,2,3,Relevant,Relevant,Average,Important
92,614.0,1058133,3,4,2,3,Important,Relevant,Average,Important
93,533.0,1058049,3,3,2,2,Important,Important,Average,Average
94,707.0,1000119,4,4,2,3,Relevant,Relevant,Average,Important
95,515.0,1058034,4,4,4,4,Relevant,Relevant,Relevant,Relevant
96,207.0,1001505,3,4,2,2,Important,Relevant,Average,Average
97,367.0,1000253,3,4,2,2,Important,Relevant,Average,Average
98,687.0,1000122,3,4,2,2,Important,Relevant,Average,Average
99,758.0,1000257,3,4,3,2,Important,Relevant,Important,Average
100,709.0,1000132,3,4,3,2,Important,Relevant,Important,Average
101,317.0,1001521,3,3,2,2,Important,Important,Average,Average
102,1020.0,1000934,3,4,3,2,Important,Relevant,Important,Average
103,1212.0,1001223,3,3,2,2,Important,Important,Average,Average
104,181.0,1058079,4,3,2,3,Relevant,Important,Average,Important
105,1132.0,1001535,3,3,2,2,Important,Important,Average,Average
106,1319.0,1001504,4,4,2,2,Relevant,Relevant,Average,Average
107,1101.0,1001503,3,4,3,2,Important,Relevant,Important,Average
108,452.0,1002056,3,4,2,4,Important,Relevant,Average,Relevant
109,82.0,1058111,4,3,2,2,Relevant,Important,Average,Average
110,1164.0,1001119,4,3,2,2,Relevant,Important,Average,Average
111,58.0,1058040,3,4,2,3,Important,Relevant,Average,Important
112,265.0,1001801,3,4,3,2,Important,Relevant,Important,Average
113,1280.0,1001704,3,4,2,3,Important,Relevant,Average,Important
114,1189.0,1001719,3,4,2,2,Important,Relevant,Average,Average
115,1070.0,1001208,3,4,2,3,Important,Relevant,Average,Important
116,215.0,1000933,2,4,2,2,Average,Relevant,Average,Average
117,118.0,1000950,2,3,1,2,Average,Important,Low,Average
118,1188.0,1001211,3,4,2,3,Important,Relevant,Average,Important
119,703.0,1000116,3,4,2,2,Important,Relevant,Average,Average
120,18.0,1001418,4,4,2,4,Relevant,Relevant,Average,Relevant
121,214.0,1001615,3,4,2,2,Important,Relevant,Average,Average
122,1177.0,1001143,3,4,2,2,Important,Relevant,Average,Average
123,116.0,1000826,3,4,2,3,Important,Relevant,Average,Important
124,691.0,1000136,3,4,2,2,Important,Relevant,Average,Average
125,1152.0,1001108,3,4,2,2,Important,Relevant,Average,Average
126,1058.0,1001202,3,4,2,2,Important,Relevant,Average,Average
127,1298.0,1000901,2,4,1,2,Average,Relevant,Low,Average
128,768.0,1000254,1,4,2,2,Low,Relevant,Average,Average
129,454.0,1000174,2,4,1,3,Average,Relevant,Low,Important
130,361.0,1001903,2,3,2,2,Average,Important,Average,Average
131,599.0,1000207,3,4,2,2,Important,Relevant,Average,Average
132,1289.0,1001417,4,3,2,2,Relevant,Important,Average,Average
133,287.0,1001411,3,4,3,4,Important,Relevant,Important,Relevant
134,365.0,1001929,3,3,2,2,Important,Important,Average,Average
135,660.0,1000220,2,4,2,2,Average,Relevant,Average,Average
136,33.0,1002018,3,4,3,3,Important,Relevant,Important,Important
137,530.0,1058042,4,2,2,2,Relevant,Average,Average,Average
138,750.0,1000246,2,4,2,2,Average,Relevant,Average,Average
139,624.0,1001031,3,3,2,2,Important,Important,Average,Average
140,1142.0,1001045,3,3,2,2,Important,Important,Average,Average
141,721.0,1000149,2,2,1,1,Average,Average,Low,Low
142,444.0,1002028,3,4,2,2,Important,Relevant,Average,Average
143,298.0,1002054,3,4,2,2,Important,Relevant,Average,Average
144,1040.0,1000928,3,4,3,2,Important,Relevant,Important,Average
145,63.0,1058060,3,4,2,3,Important,Relevant,Average,Important
146,772.0,1000267,2,4,2,2,Average,Relevant,Average,Average
147,788.0,1000318,3,4,3,2,Important,Relevant,Important,Average
148,831.0,1000474,4,3,2,2,Relevant,Important,Average,Average
149,845.0,1000462,2,4,2,3,Average,Relevant,Average,Important
150,659.0,1000484,2,4,3,2,Average,Relevant,Important,Average
151,757.0,1000219,3,4,1,3,Important,Relevant,Low,Important
152,844.0,1000461,3,4,2,2,Important,Relevant,Average,Average
153,132.0,1000472,3,4,2,2,Important,Relevant,Average,Average
154,855.0,1000479,3,3,2,2,Important,Important,Average,Average
155,820.0,1000435,3,3,2,2,Important,Important,Average,Average
156,833.0,1000460,4,4,3,3,Relevant,Relevant,Important,Important
157,881.0,1000512,4,4,2,2,Relevant,Relevant,Average,Average
158,980.0,1000805,3,3,2,2,Important,Important,Average,Average
159,790.0,1000332,2,4,3,2,Average,Relevant,Important,Average
160,310.0,1002076,2,3,2,2,Average,Important,Average,Average
161,378.0,1001920,3,3,2,2,Important,Important,Average,Average
162,423.0,1001960,1,3,2,3,Low,Important,Average,Important
163,814.0,1000426,2,4,2,3,Average,Relevant,Average,Important
164,818.0,1000427,3,4,1,3,Important,Relevant,Low,Important
165,630.0,1001905,3,4,2,3,Important,Relevant,Average,Important
166,466.0,1002053,3,4,2,2,Important,Relevant,Average,Average
167,470.0,1002063,3,3,1,2,Important,Important,Low,Average
168,430.0,1002012,3,4,2,3,Important,Relevant,Average,Important
169,446.0,1002031,3,4,2,3,Important,Relevant,Average,Important
170,828.0,1000458,3,3,2,2,Important,Important,Average,Average
171,219.0,1000559,2,3,1,2,Average,Important,Low,Average
172,865.0,1000491,4,4,1,3,Relevant,Relevant,Low,Important
173,681.0,1000402,3,3,2,2,Important,Important,Average,Average
174,851.0,1000469,3,3,2,2,Important,Important,Average,Average
175,767.0,1000250,2,4,2,2,Average,Relevant,Average,Average
176,769.0,1000256,2,4,2,2,Average,Relevant,Average,Average
177,829.0,1000459,3,3,2,2,Important,Important,Average,Average
178,806.0,1000433,2,4,2,2,Average,Relevant,Average,Average
179,808.0,1000419,3,3,2,2,Important,Important,Average,Average
180,812.0,1000414,3,2,2,2,Important,Average,Average,Average
181,862.0,1000489,3,3,2,2,Important,Important,Average,Average
182,397.0,1001527,3,3,2,2,Important,Important,Average,Average
183,362.0,1001906,3,3,2,2,Important,Important,Average,Average
184,374.0,1001916,2,3,2,2,Average,Important,Average,Average
185,398.0,1001937,3,3,2,2,Important,Important,Average,Average
186,392.0,1001933,2,2,2,2,Average,Average,Average,Average
187,1182.0,1001204,3,4,2,2,Important,Relevant,Average,Average
188,72.0,1058103,4,3,2,2,Relevant,Important,Average,Average
189,816.0,1000420,3,3,2,2,Important,Important,Average,Average
190,507.0,1000481,2,3,2,2,Average,Important,Average,Average
191,918.0,1000548,3,3,1,2,Important,Important,Low,Average
192,1043.0,1000463,1,3,2,2,Low,Important,Average,Average
193,842.0,1000464,2,4,2,2,Average,Relevant,Average,Average
194,848.0,1000466,3,3,2,2,Important,Important,Average,Average
195,1121.0,1000486,3,4,2,3,Important,Relevant,Average,Important
196,684.0,1000416,3,4,2,3,Important,Relevant,Average,Important
197,27.0,1000173,2,4,2,4,Average,Relevant,Average,Relevant
198,771.0,1000266,2,3,2,2,Average,Important,Average,Average
199,650.0,1058083,3,4,4,4,Important,Relevant,Relevant,Relevant
200,719.0,1000147,3,4,2,3,Important,Relevant,Average,Important
201,134.0,1000624,2,4,2,2,Average,Relevant,Average,Average
202,996.0,1000815,3,4,2,3,Important,Relevant,Average,Important
203,1184.0,1001205,3,4,2,2,Important,Relevant,Average,Average
204,1202.0,1001219,3,3,2,2,Important,Important,Average,Average
205,56.0,1058029,4,2,2,2,Relevant,Average,Average,Average
206,363.0,1001907,3,3,2,2,Important,Important,Average,Average
207,59.0,1058043,4,3,2,2,Relevant,Important,Average,Average
208,834.0,1000442,3,3,2,2,Important,Important,Average,Average
209,775.0,1000279,3,4,2,2,Important,Relevant,Average,Average
210,807.0,1000415,3,3,2,2,Important,Important,Average,Average
211,835.0,1000443,2,3,2,2,Average,Important,Average,Average
212,824.0,1000451,3,3,1,2,Important,Important,Low,Average
213,838.0,1000444,3,3,2,2,Important,Important,Average,Average
214,480.0,1058002,3,4,2,3,Important,Relevant,Average,Important
215,738.0,1000203,3,4,2,2,Important,Relevant,Average,Average
216,460.0,1002051,3,3,2,2,Important,Important,Average,Average
217,919.0,1000560,2,3,2,2,Average,Important,Average,Average
218,747.0,1000211,3,4,2,2,Important,Relevant,Average,Average
219,626.0,1000555,2,4,1,3,Average,Relevant,Low,Important
220,275.0,1000558,2,3,2,2,Average,Important,Average,Average
221,652.0,1001047,3,3,2,2,Important,Important,Average,Average
222,1222.0,1001228,3,3,2,2,Important,Important,Average,Average
223,1056.0,1001041,2,4,2,2,Average,Relevant,Average,Average
224,491.0,1058059,4,4,2,3,Relevant,Relevant,Average,Important
225,124.0,1058050,4,3,2,2,Relevant,Important,Average,Average
226,140.0,1001261,3,3,2,2,Important,Important,Average,Average
227,1218.0,1001226,4,3,2,2,Relevant,Important,Average,Average
228,847.0,1000622,3,3,2,2,Important,Important,Average,Average
229,1239.0,1001254,3,4,2,3,Important,Relevant,Average,Important
230,1238.0,1001253,3,4,2,2,Important,Relevant,Average,Average
231,437.0,1002014,3,3,2,2,Important,Important,Average,Average
232,90.0,1001943,2,4,2,4,Average,Relevant,Average,Relevant
233,197.0,1001618,3,3,2,3,Important,Important,Average,Important
234,42.0,1058018,3,3,1,3,Important,Important,Low,Important
235,490.0,1000156,2,4,2,2,Average,Relevant,Average,Average
236,352.0,1001852,3,4,2,3,Important,Relevant,Average,Important
237,340.0,1001833,3,4,1,3,Important,Relevant,Low,Important
238,306.0,1001810,3,3,2,2,Important,Important,Average,Average
239,318.0,1001813,3,2,1,2,Important,Average,Low,Average
240,331.0,1001827,3,3,2,2,Important,Important,Average,Average
241,798.0,1000506,2,3,2,2,Average,Important,Average,Average
242,1112.0,1001385,3,3,2,2,Important,Important,Average,Average
243,1010.0,1000837,3,2,3,2,Important,Average,Important,Average
244,65.0,1058075,3,3,2,2,Important,Important,Average,Average
245,93.0,1058122,4,3,2,2,Relevant,Important,Average,Average
246,226.0,1000715,3,3,1,2,Important,Important,Low,Average
247,117.0,1000849,3,3,1,3,Important,Important,Low,Important
248,316.0,1001819,3,4,2,3,Important,Relevant,Average,Important
249,1253.0,1001832,2,2,2,2,Average,Average,Average,Average
250,199.0,1001950,2,4,2,2,Average,Relevant,Average,Average
251,39.0,1058129,3,4,2,3,Important,Relevant,Average,Important
252,571.0,1058088,4,3,2,2,Relevant,Important,Average,Average
253,1090.0,1001035,3,3,2,2,Important,Important,Average,Average
254,54.0,1058023,4,2,2,2,Relevant,Average,Average,Average
255,890.0,1000517,3,4,2,3,Important,Relevant,Average,Important
256,538.0,1000127,4,4,2,2,Relevant,Relevant,Average,Average
257,1047.0,1001007,4,4,2,3,Relevant,Relevant,Average,Important
258,1055.0,1001005,3,4,2,2,Important,Relevant,Average,Average
259,370.0,1000309,3,4,2,2,Important,Relevant,Average,Average
260,445.0,1002030,2,4,3,2,Average,Relevant,Important,Average
261,541.0,1001713,3,4,2,2,Important,Relevant,Average,Average
262,402.0,1002050,3,3,2,2,Important,Important,Average,Average
263,1100.0,1001377,4,3,2,2,Relevant,Important,Average,Average
264,1251.0,1001307,2,2,1,2,Average,Average,Low,Average
265,1311.0,1001358,3,4,3,2,Important,Relevant,Important,Average
266,130.0,1000566,2,4,2,4,Average,Relevant,Average,Relevant
267,986.0,1001520,2,4,2,3,Average,Relevant,Average,Important
268,160.0,1001821,2,4,2,3,Average,Relevant,Average,Important
269,593.0,1058107,3,3,2,2,Important,Important,Average,Average
270,52.0,1058013,4,2,2,2,Relevant,Average,Average,Average
271,53.0,1058015,3,4,3,4,Important,Relevant,Important,Relevant
272,909.0,1000540,3,3,2,2,Important,Important,Average,Average
273,908.0,1000539,3,3,2,2,Important,Important,Average,Average
274,1099.0,1001501,3,4,2,2,Important,Relevant,Average,Average
275,1250.0,1001271,2,4,1,3,Average,Relevant,Low,Important
276,879.0,1000511,3,3,2,2,Important,Important,Average,Average
277,902.0,1000533,3,3,2,2,Important,Important,Average,Average
278,1270.0,1001314,3,4,2,2,Important,Relevant,Average,Average
279,1296.0,1001371,3,3,2,2,Important,Important,Average,Average
280,1115.0,1001389,2,3,2,2,Average,Important,Average,Average
281,171.0,1001397,2,3,2,2,Average,Important,Average,Average
282,1195.0,1001216,4,3,2,2,Relevant,Important,Average,Average
283,353.0,1001854,2,2,2,2,Average,Average,Average,Average
284,965.0,1000727,3,3,2,2,Important,Important,Average,Average
285,726.0,1000199,1,4,2,2,Low,Relevant,Average,Average
286,841.0,1000564,2,4,2,3,Average,Relevant,Average,Important
287,745.0,1000336,2,3,1,2,Average,Important,Low,Average
288,474.0,1002065,3,4,2,3,Important,Relevant,Average,Important
289,486.0,1002074,3,4,2,2,Important,Relevant,Average,Average
290,468.0,1002052,2,4,2,3,Average,Relevant,Average,Important
291,485.0,1002071,3,3,2,2,Important,Important,Average,Average
292,547.0,1058056,2,2,3,2,Average,Average,Important,Average
293,60.0,1000213,2,3,2,2,Average,Important,Average,Average
294,85.0,1000259,2,4,2,2,Average,Relevant,Average,Average
295,743.0,1000233,2,3,2,1,Average,Important,Average,Low
296,578.0,1058095,2,3,2,2,Average,Important,Average,Average
297,338.0,1001836,3,3,2,2,Important,Important,Average,Average
298,1080.0,1001025,4,3,2,2,Relevant,Important,Average,Average
299,1072.0,1001016,4,4,2,3,Relevant,Relevant,Average,Important
300,382.0,1001526,3,3,2,2,Important,Important,Average,Average
301,449.0,1002032,3,3,2,2,Important,Important,Average,Average
302,1135.0,1001608,3,4,2,2,Important,Relevant,Average,Average
303,953.0,1000713,3,3,2,2,Important,Important,Average,Average
304,830.0,1000465,2,4,3,2,Average,Relevant,Important,Average
305,503.0,1000480,4,4,2,3,Relevant,Relevant,Average,Important
306,1119.0,1000494,2,3,1,2,Average,Important,Low,Average
307,532.0,1000473,2,3,1,2,Average,Important,Low,Average
308,1130.0,1000439,3,4,3,2,Important,Relevant,Important,Average
309,813.0,1000418,3,3,3,2,Important,Important,Important,Average
310,840.0,1000446,2,3,1,3,Average,Important,Low,Important
311,1006.0,1000829,3,3,2,3,Important,Important,Average,Important
312,83.0,1001127,2,4,1,2,Average,Relevant,Low,Average
313,825.0,1001518,4,4,1,4,Relevant,Relevant,Low,Relevant
314,1126.0,1001510,2,3,3,3,Average,Important,Important,Important
315,1034.0,1000865,2,4,1,2,Average,Relevant,Low,Average
316,977.0,1000820,3,4,2,2,Important,Relevant,Average,Average
317,1008.0,1000833,2,3,2,2,Average,Important,Average,Average
318,1021.0,1000850,3,3,2,2,Important,Important,Average,Average
319,177.0,1000813,4,2,2,2,Relevant,Average,Average,Average
320,942.0,1000703,3,4,2,2,Important,Relevant,Average,Average
321,927.0,1000604,4,3,2,2,Relevant,Important,Average,Average
322,951.0,1000710,3,3,2,2,Important,Important,Average,Average
323,154.0,1000842,3,4,2,3,Important,Relevant,Average,Important
324,945.0,1000704,3,3,2,2,Important,Important,Average,Average
325,988.0,1000808,2,4,2,4,Average,Relevant,Average,Relevant
326,20.0,1000440,3,4,2,3,Important,Relevant,Average,Important
327,1061.0,1001012,3,3,2,2,Important,Important,Average,Average
328,957.0,1000635,3,3,2,2,Important,Important,Average,Average
329,956.0,1000724,2,4,2,2,Average,Relevant,Average,Average
330,325.0,1001727,1,3,4,2,Low,Important,Relevant,Average
331,931.0,1000608,2,4,2,2,Average,Relevant,Average,Average
332,943.0,1000720,3,4,2,2,Important,Relevant,Average,Average
333,948.0,1000707,3,3,2,2,Important,Important,Average,Average
334,163.0,1000722,2,4,2,2,Average,Relevant,Average,Average
335,601.0,1000705,4,3,2,2,Relevant,Important,Average,Average
336,643.0,1000617,2,4,3,2,Average,Relevant,Important,Average
337,952.0,1000719,3,3,1,2,Important,Important,Low,Average
338,1007.0,1000830,3,4,2,2,Important,Relevant,Average,Average
339,425.0,1001040,3,4,2,2,Important,Relevant,Average,Average
340,960.0,1000723,3,3,1,2,Important,Important,Low,Average
341,990.0,1000809,3,4,2,3,Important,Relevant,Average,Important
342,688.0,1002066,3,4,3,3,Important,Relevant,Important,Important
343,270.0,1000732,2,4,2,3,Average,Relevant,Average,Important
344,970.0,1000802,3,3,2,2,Important,Important,Average,Average
345,995.0,1000814,3,4,2,2,Important,Relevant,Average,Average
346,240.0,1001716,3,4,2,2,Important,Relevant,Average,Average
347,609.0,1058131,4,4,2,2,Relevant,Relevant,Average,Average
348,712.0,1000126,3,4,2,4,Important,Relevant,Average,Relevant
349,944.0,1000712,3,3,2,2,Important,Important,Average,Average
350,511.0,1058025,2,4,2,2,Average,Relevant,Average,Average
351,669.0,1000262,2,4,2,3,Average,Relevant,Average,Important
352,216.0,1000321,2,4,2,2,Average,Relevant,Average,Average
353,761.0,1000244,3,3,2,2,Important,Important,Average,Average
354,1079.0,1001024,3,4,2,2,Important,Relevant,Average,Average
355,616.0,1058134,4,4,2,2,Relevant,Relevant,Average,Average
356,1146.0,1001051,3,3,2,2,Important,Important,Average,Average
357,186.0,1001407,4,4,2,4,Relevant,Relevant,Average,Relevant
358,559.0,1058073,3,3,2,2,Important,Important,Average,Average
359,663.0,1058022,4,4,2,2,Relevant,Relevant,Average,Average
360,260.0,1001509,2,3,2,2,Average,Important,Average,Average
361,1190.0,1001212,3,3,2,2,Important,Important,Average,Average
362,1246.0,1001265,3,3,2,2,Important,Important,Average,Average
363,292.0,1001213,2,3,1,3,Average,Important,Low,Important
364,1244.0,1001266,3,3,2,2,Important,Important,Average,Average
365,1162.0,1001117,3,4,2,2,Important,Relevant,Average,Average
366,302.0,1001807,4,4,2,3,Relevant,Relevant,Average,Important
367,1185.0,1001209,3,3,2,2,Important,Important,Average,Average
368,258.0,1001904,3,3,1,2,Important,Important,Low,Average
369,742.0,1000205,3,4,2,2,Important,Relevant,Average,Average
370,753.0,1000224,3,4,3,2,Important,Relevant,Important,Average
371,46.0,1058005,4,3,2,2,Relevant,Important,Average,Average
372,358.0,1001901,3,3,3,2,Important,Important,Important,Average
373,1224.0,1001231,3,4,2,2,Important,Relevant,Average,Average
374,591.0,1000128,2,4,2,2,Average,Relevant,Average,Average
375,895.0,1000528,4,3,2,2,Relevant,Important,Average,Average
376,1035.0,1000866,2,3,2,2,Average,Important,Average,Average
377,475.0,1002070,3,3,2,2,Important,Important,Average,Average
378,508.0,1058026,3,3,2,2,Important,Important,Average,Average
379,1091.0,1001038,2,3,1,2,Average,Important,Low,Average
380,700.0,1000109,2,4,2,3,Average,Relevant,Average,Important
381,1153.0,1001109,3,4,3,2,Important,Relevant,Important,Average
382,1145.0,1001106,3,3,2,2,Important,Important,Average,Average
383,1151.0,1001111,3,4,2,2,Important,Relevant,Average,Average
384,1171.0,1001134,3,4,2,2,Important,Relevant,Average,Average
385,315.0,1001838,3,4,3,2,Important,Relevant,Important,Average
386,127.0,1001250,3,4,2,3,Important,Relevant,Average,Important
387,1326.0,1001259,3,4,2,3,Important,Relevant,Average,Important
388,457.0,1001528,3,3,2,2,Important,Important,Average,Average
389,74.0,1058110,4,4,2,2,Relevant,Relevant,Average,Average
390,619.0,1000228,3,4,1,2,Important,Relevant,Low,Average
391,1161.0,1001121,3,4,2,2,Important,Relevant,Average,Average
392,1123.0,1001122,3,4,2,2,Important,Relevant,Average,Average
393,1178.0,1001139,3,3,2,2,Important,Important,Average,Average
394,602.0,1058116,4,3,2,2,Relevant,Important,Average,Average
395,1198.0,1001217,3,3,2,2,Important,Important,Average,Average
396,295.0,1001806,3,3,1,2,Important,Important,Low,Average
397,1031.0,1000905,3,4,3,2,Important,Relevant,Important,Average
398,448.0,1001374,2,2,2,2,Average,Average,Average,Average
399,391.0,1002004,2,4,2,2,Average,Relevant,Average,Average
400,632.0,1001214,3,3,2,2,Important,Important,Average,Average
401,1223.0,1001229,4,3,2,3,Relevant,Important,Average,Important
402,1216.0,1001225,4,3,2,2,Relevant,Important,Average,Average
403,799.0,1000404,2,3,2,2,Average,Important,Average,Average
404,1282.0,1001329,3,1,1,1,Important,Low,Low,Low
405,1044.0,1000947,3,3,2,2,Important,Important,Average,Average
406,878.0,1001542,2,4,2,3,Average,Relevant,Average,Important
407,230.0,1001210,3,3,2,2,Important,Important,Average,Average
408,206.0,1001126,3,4,2,3,Important,Relevant,Average,Important
409,899.0,1000530,3,3,2,2,Important,Important,Average,Average
410,404.0,1001948,3,4,2,2,Important,Relevant,Average,Average
411,1312.0,1001515,2,4,2,3,Average,Relevant,Average,Important
412,545.0,1058054,3,3,2,2,Important,Important,Average,Average
413,73.0,1058097,3,4,4,4,Important,Relevant,Relevant,Relevant
414,1272.0,1001317,3,3,2,2,Important,Important,Average,Average
415,479.0,1001394,3,4,3,3,Important,Relevant,Important,Important
416,658.0,1001355,3,4,2,2,Important,Relevant,Average,Average
417,189.0,1001408,2,4,3,4,Average,Relevant,Important,Relevant
418,94.0,1002015,3,4,2,3,Important,Relevant,Average,Important
419,220.0,1000607,2,4,2,3,Average,Relevant,Average,Important
420,1059.0,1001010,3,4,2,2,Important,Relevant,Average,Average
421,394.0,1000104,3,4,2,3,Important,Relevant,Average,Important
422,504.0,1058016,3,3,2,2,Important,Important,Average,Average
423,819.0,1000954,2,3,2,2,Average,Important,Average,Average
424,636.0,1000927,3,4,2,2,Important,Relevant,Average,Average
425,1064.0,1001011,3,4,3,3,Important,Relevant,Important,Important
426,1209.0,1001605,4,3,2,2,Relevant,Important,Average,Average
427,546.0,1001017,2,2,2,1,Average,Average,Average,Low
428,1086.0,1001033,3,3,2,2,Important,Important,Average,Average
429,620.0,1001048,3,4,2,2,Important,Relevant,Average,Average
430,1051.0,1001002,3,4,2,2,Important,Relevant,Average,Average
431,987.0,1001546,2,3,2,2,Average,Important,Average,Average
432,590.0,1001531,2,4,4,2,Average,Relevant,Relevant,Average
433,827.0,1000430,3,2,2,2,Important,Average,Average,Average
434,2.0,1001941,3,4,1,3,Important,Relevant,Low,Important
435,588.0,1058128,4,4,2,3,Relevant,Relevant,Average,Important
436,330.0,1001841,3,4,2,2,Important,Relevant,Average,Average
437,399.0,1001935,3,3,2,2,Important,Important,Average,Average
438,101.0,1000457,2,4,1,3,Average,Relevant,Low,Important
439,1268.0,1001721,1,3,2,2,Low,Important,Average,Average
440,999.0,1000819,3,4,2,3,Important,Relevant,Average,Important
441,1293.0,1001340,2,2,2,2,Average,Average,Average,Average
442,1139.0,1001104,3,4,2,2,Important,Relevant,Average,Average
443,225.0,1001604,3,3,2,2,Important,Important,Average,Average
444,261.0,1001804,2,4,2,3,Average,Relevant,Average,Important
445,1095.0,1000271,2,3,2,2,Average,Important,Average,Average
446,1237.0,1001349,3,3,1,2,Important,Important,Low,Average
447,324.0,1001825,2,4,2,2,Average,Relevant,Average,Average
448,983.0,1000918,3,4,2,2,Important,Relevant,Average,Average
449,122.0,1000942,3,4,2,2,Important,Relevant,Average,Average
450,86.0,1002010,2,4,1,2,Average,Relevant,Low,Average
451,516.0,1000906,1,4,4,2,Low,Relevant,Relevant,Average
452,263.0,1001540,3,3,2,2,Important,Important,Average,Average
453,850.0,1000467,2,4,2,3,Average,Relevant,Average,Important
454,368.0,1001910,3,4,3,2,Important,Relevant,Important,Average
455,1261.0,1001514,3,4,2,2,Important,Relevant,Average,Average
456,1133.0,1001606,3,4,2,2,Important,Relevant,Average,Average
457,337.0,1001835,3,4,3,3,Important,Relevant,Important,Important
458,271.0,1001409,2,4,2,3,Average,Relevant,Average,Important
459,79.0,1058130,3,4,2,2,Important,Relevant,Average,Average
460,1073.0,1001021,3,4,2,2,Important,Relevant,Average,Average
461,1019.0,1000843,3,3,2,2,Important,Important,Average,Average
462,349.0,1001845,3,3,2,2,Important,Important,Average,Average
463,175.0,1001858,2,4,2,2,Average,Relevant,Average,Average
464,1124.0,1001404,3,4,2,3,Important,Relevant,Average,Important
465,1255.0,1001703,3,4,2,3,Important,Relevant,Average,Important
466,51.0,1058011,4,3,2,2,Relevant,Important,Average,Average
467,600.0,1058115,3,2,2,2,Important,Average,Average,Average
468,1259.0,1001634,3,4,2,2,Important,Relevant,Average,Average
469,50.0,1058081,3,4,2,3,Important,Relevant,Average,Important
470,408.0,1001942,3,3,2,2,Important,Important,Average,Average
471,464.0,1002048,3,3,2,2,Important,Important,Average,Average
472,422.0,1001954,3,4,2,3,Important,Relevant,Average,Important
473,393.0,1001936,2,3,1,2,Average,Important,Low,Average
474,875.0,1000508,4,3,2,2,Relevant,Important,Average,Average
475,332.0,1001919,3,3,2,2,Important,Important,Average,Average
476,1199.0,1001714,3,4,2,3,Important,Relevant,Average,Important
477,648.0,1000912,3,4,3,2,Important,Relevant,Important,Average
478,792.0,1000317,2,4,2,3,Average,Relevant,Average,Important
479,715.0,1000142,4,4,2,2,Relevant,Relevant,Average,Average
480,291.0,1001701,3,4,2,2,Important,Relevant,Average,Average
481,911.0,1000543,2,4,2,3,Average,Relevant,Average,Important
482,773.0,1000268,3,4,2,2,Important,Relevant,Average,Average
483,416.0,1002003,3,4,2,2,Important,Relevant,Average,Average
484,649.0,1000569,2,4,2,3,Average,Relevant,Average,Important
485,525.0,1000438,3,4,2,2,Important,Relevant,Average,Average
486,217.0,1000485,3,4,3,2,Important,Relevant,Important,Average
487,575.0,1000423,2,4,3,2,Average,Relevant,Important,Average
488,839.0,1000524,3,3,2,2,Important,Important,Average,Average
489,810.0,1000412,3,3,2,2,Important,Important,Average,Average
490,543.0,1058055,1,4,2,4,Low,Relevant,Average,Relevant
491,562.0,1058080,3,4,4,4,Important,Relevant,Relevant,Relevant
492,822.0,1000441,3,3,2,2,Important,Important,Average,Average
493,369.0,1000425,2,4,2,2,Average,Relevant,Average,Average
494,860.0,1000476,2,3,2,2,Average,Important,Average,Average
495,821.0,1000429,3,3,2,2,Important,Important,Average,Average
496,1022.0,1000847,3,4,2,3,Important,Relevant,Average,Important
497,342.0,1001849,2,4,3,2,Average,Relevant,Important,Average
498,345.0,1001846,2,4,2,2,Average,Relevant,Average,Average
499,339.0,1001856,3,3,2,2,Important,Important,Average,Average
500,955.0,1000714,3,3,2,2,Important,Important,Average,Average
501,70.0,1058112,2,3,2,3,Average,Important,Average,Important
502,1030.0,1000862,2,3,2,2,Average,Important,Average,Average
503,1068.0,1001026,3,4,2,2,Important,Relevant,Average,Average
504,1033.0,1000864,3,3,2,2,Important,Important,Average,Average
505,1137.0,1001044,3,3,2,2,Important,Important,Average,Average
506,1002.0,1000821,3,3,2,2,Important,Important,Average,Average
507,606.0,1058123,3,3,2,2,Important,Important,Average,Average
508,281.0,1001049,3,4,2,3,Important,Relevant,Average,Important
509,343.0,1001837,2,4,2,2,Average,Relevant,Average,Average
510,300.0,1001808,2,4,2,2,Average,Relevant,Average,Average
511,656.0,1000913,3,4,2,2,Important,Relevant,Average,Average
512,1292.0,1001334,3,3,2,2,Important,Important,Average,Average
513,1290.0,1001336,3,3,2,2,Important,Important,Average,Average
514,1183.0,1001338,4,3,2,2,Relevant,Important,Average,Average
515,505.0,1058127,3,4,2,3,Important,Relevant,Average,Important
516,604.0,1058125,4,4,2,3,Relevant,Relevant,Average,Important
517,529.0,1058046,3,4,2,3,Important,Relevant,Average,Important
518,1165.0,1001137,3,3,2,2,Important,Important,Average,Average
519,587.0,1000190,2,4,4,3,Average,Relevant,Relevant,Important
520,1067.0,1001013,3,3,3,2,Important,Important,Important,Average
521,502.0,1058012,3,3,2,2,Important,Important,Average,Average
522,706.0,1000120,2,3,2,2,Average,Important,Average,Average
523,1016.0,1000935,3,3,2,2,Important,Important,Average,Average
524,108.0,1000930,2,4,2,2,Average,Relevant,Average,Average
525,708.0,1000121,2,4,2,2,Average,Relevant,Average,Average
526,77.0,1058117,4,4,2,4,Relevant,Relevant,Average,Relevant
527,670.0,1000231,2,4,2,2,Average,Relevant,Average,Average
528,1235.0,1001245,2,4,3,2,Average,Relevant,Important,Average
529,1201.0,1001218,3,3,2,2,Important,Important,Average,Average
530,1206.0,1001220,4,4,2,3,Relevant,Relevant,Average,Important
531,1243.0,1001263,3,3,2,2,Important,Important,Average,Average
532,998.0,1000931,2,4,2,2,Average,Relevant,Average,Average
533,1097.0,1001379,2,4,3,3,Average,Relevant,Important,Important
534,628.0,1001339,3,4,2,2,Important,Relevant,Average,Average
535,143.0,1001956,1,3,3,2,Low,Important,Important,Average
536,1271.0,1001316,3,3,2,2,Important,Important,Average,Average
537,396.0,1001934,3,4,2,2,Important,Relevant,Average,Average
538,1328.0,1001619,2,4,2,4,Average,Relevant,Average,Relevant
539,594.0,1000410,3,4,3,3,Important,Relevant,Important,Important
540,344.0,1001842,3,3,2,2,Important,Important,Average,Average
541,817.0,1001548,3,3,2,2,Important,Important,Average,Average
542,1295.0,1001343,3,3,2,2,Important,Important,Average,Average
543,314.0,1001398,2,3,2,2,Average,Important,Average,Average
544,607.0,1001008,3,4,3,2,Important,Relevant,Important,Average
545,299.0,1001805,3,4,2,2,Important,Relevant,Average,Average
546,133.0,1001844,2,2,1,1,Average,Average,Low,Low
547,327.0,1001834,2,4,2,2,Average,Relevant,Average,Average
548,499.0,1001636,3,4,2,2,Important,Relevant,Average,Average
549,157.0,1001541,2,3,2,2,Average,Important,Average,Average
550,1220.0,1001512,2,4,2,2,Average,Relevant,Average,Average
551,509.0,1001623,4,3,2,2,Relevant,Important,Average,Average
552,1217.0,1001829,3,3,3,2,Important,Important,Important,Average
553,1315.0,1001516,3,4,2,4,Important,Relevant,Average,Relevant
554,1024.0,1000951,2,4,2,2,Average,Relevant,Average,Average
555,923.0,1000953,2,4,3,2,Average,Relevant,Important,Average
556,380.0,1001705,3,4,2,2,Important,Relevant,Average,Average
557,1062.0,1001115,3,3,2,2,Important,Important,Average,Average
558,112.0,1000554,2,4,3,2,Average,Relevant,Important,Average
559,1155.0,1001113,3,4,1,2,Important,Relevant,Low,Average
560,128.0,1000561,2,3,2,2,Average,Important,Average,Average
561,178.0,1001923,1,4,2,3,Low,Relevant,Average,Important
562,1141.0,1002037,3,4,2,3,Important,Relevant,Average,Important
563,26.0,1001855,2,4,2,2,Average,Relevant,Average,Average
564,710.0,1000134,2,4,2,2,Average,Relevant,Average,Average
565,284.0,1001053,3,3,2,2,Important,Important,Average,Average
566,613.0,1000602,2,3,2,2,Average,Important,Average,Average
567,971.0,1000804,3,3,2,2,Important,Important,Average,Average
568,1131.0,1001043,3,4,2,2,Important,Relevant,Average,Average
569,985.0,1000828,3,4,2,2,Important,Relevant,Average,Average
570,1204.0,1001613,4,3,2,2,Relevant,Important,Average,Average
571,472.0,1002078,3,3,1,2,Important,Important,Low,Average
572,1275.0,1001321,3,3,1,3,Important,Important,Low,Important
573,702.0,1000138,2,4,2,2,Average,Relevant,Average,Average
574,697.0,1000131,3,4,2,2,Important,Relevant,Average,Average
575,1025.0,1000943,3,4,3,2,Important,Relevant,Important,Average
576,644.0,1000301,3,4,3,3,Important,Relevant,Important,Important
577,887.0,1000623,2,3,2,2,Average,Important,Average,Average
578,1103.0,1001710,2,3,2,2,Average,Important,Average,Average
579,859.0,1000601,2,4,2,2,Average,Relevant,Average,Average
580,954.0,1000721,3,3,2,2,Important,Important,Average,Average
581,228.0,1000922,2,4,2,2,Average,Relevant,Average,Average
582,752.0,1000223,3,3,2,2,Important,Important,Average,Average
583,222.0,1000845,2,3,2,2,Average,Important,Average,Average
584,677.0,1000217,2,3,2,2,Average,Important,Average,Average
585,110.0,1000316,2,4,2,2,Average,Relevant,Average,Average
586,1000.0,1000831,2,2,2,2,Average,Average,Average,Average
587,733.0,1000208,3,4,2,2,Important,Relevant,Average,Average
588,443.0,1002027,2,4,1,2,Average,Relevant,Low,Average
589,19.0,1000272,2,3,2,2,Average,Important,Average,Average
590,326.0,1001822,2,4,3,2,Average,Relevant,Important,Average
591,255.0,1000236,2,4,2,3,Average,Relevant,Average,Important
592,413.0,1001952,2,3,1,2,Average,Important,Low,Average
593,789.0,1000409,3,3,2,2,Important,Important,Average,Average
594,846.0,1000496,2,3,2,2,Average,Important,Average,Average
595,803.0,1000406,3,3,2,2,Important,Important,Average,Average
596,66.0,1000613,2,3,2,2,Average,Important,Average,Average
597,929.0,1000616,2,4,2,2,Average,Relevant,Average,Average
598,471.0,1000278,2,4,2,2,Average,Relevant,Average,Average
599,312.0,1000273,3,3,2,2,Important,Important,Average,Average
600,826.0,1001740,2,4,2,2,Average,Relevant,Average,Average
601,469.0,1002073,4,2,1,2,Relevant,Average,Low,Average
602,676.0,1000258,3,4,2,2,Important,Relevant,Average,Average
603,438.0,1000449,2,4,3,2,Average,Relevant,Important,Average
604,920.0,1000552,3,4,2,3,Important,Relevant,Average,Important
605,915.0,1000562,2,4,2,4,Average,Relevant,Average,Relevant
606,861.0,1000550,3,3,1,2,Important,Important,Low,Average
607,395.0,1000234,3,4,3,2,Important,Relevant,Important,Average
608,884.0,1000515,3,3,2,2,Important,Important,Average,Average
609,235.0,1000454,2,4,2,3,Average,Relevant,Average,Important
610,621.0,1000249,2,4,2,2,Average,Relevant,Average,Average
611,563.0,1000251,2,4,2,2,Average,Relevant,Average,Average
612,997.0,1000817,3,3,2,2,Important,Important,Average,Average
613,1036.0,1000869,3,3,1,2,Important,Important,Low,Average
614,96.0,1058096,3,4,2,3,Important,Relevant,Average,Important
615,379.0,1001921,2,2,2,2,Average,Average,Average,Average
616,972.0,1000801,2,2,1,1,Average,Average,Low,Low
617,433.0,1000955,2,3,4,2,Average,Important,Relevant,Average
618,67.0,1058082,3,3,2,2,Important,Important,Average,Average
619,1221.0,1001939,3,4,2,2,Important,Relevant,Average,Average
620,187.0,1002017,2,4,2,3,Average,Relevant,Average,Important
621,694.0,1000110,2,4,2,2,Average,Relevant,Average,Average
622,716.0,1000143,2,4,2,3,Average,Relevant,Average,Important
623,605.0,1000157,2,3,2,2,Average,Important,Average,Average
624,44.0,1000154,2,4,2,2,Average,Relevant,Average,Average
625,698.0,1000106,2,4,2,2,Average,Relevant,Average,Average
626,782.0,1000305,3,4,2,3,Important,Relevant,Average,Important
627,1316.0,1000115,3,4,2,2,Important,Relevant,Average,Average
628,1085.0,1001032,2,3,2,2,Average,Important,Average,Average
629,481.0,1002060,3,3,2,2,Important,Important,Average,Average
630,892.0,1000525,3,4,2,2,Important,Relevant,Average,Average
631,1082.0,1001029,3,4,2,2,Important,Relevant,Average,Average
632,1066.0,1001015,2,2,2,2,Average,Average,Average,Average
633,989.0,1000868,3,3,2,2,Important,Important,Average,Average
634,366.0,1001909,3,3,2,2,Important,Important,Average,Average
635,665.0,1058093,3,3,2,2,Important,Important,Average,Average
636,921.0,1000551,2,3,1,2,Average,Important,Low,Average
637,641.0,1002026,3,4,2,3,Important,Relevant,Average,Important
638,765.0,1000239,3,4,2,2,Important,Relevant,Average,Average
639,1240.0,1001256,3,3,2,2,Important,Important,Average,Average
640,237.0,1001712,3,4,2,2,Important,Relevant,Average,Average
641,278.0,1000709,2,1,3,1,Average,Low,Important,Low
642,1232.0,1001243,3,3,2,2,Important,Important,Average,Average
643,195.0,1001957,3,3,2,2,Important,Important,Average,Average
644,518.0,1058035,3,3,2,2,Important,Important,Average,Average
645,625.0,1000137,2,4,2,3,Average,Relevant,Average,Important
646,581.0,1058100,3,2,2,2,Important,Average,Average,Average
647,959.0,1000940,2,4,2,2,Average,Relevant,Average,Average
648,634.0,1000925,3,4,2,3,Important,Relevant,Average,Important
649,12.0,1001620,2,4,1,3,Average,Relevant,Low,Important
650,1324.0,1001847,3,4,2,3,Important,Relevant,Average,Important
651,351.0,1001851,2,3,3,2,Average,Important,Important,Average
652,1327.0,1001610,3,4,2,3,Important,Relevant,Average,Important
653,376.0,1001918,3,4,2,2,Important,Relevant,Average,Average
654,354.0,1001857,2,2,1,2,Average,Average,Low,Average
655,542.0,1058053,2,4,2,3,Average,Relevant,Average,Important
656,415.0,1001820,2,4,2,3,Average,Relevant,Average,Important
657,608.0,1058124,3,4,2,3,Important,Relevant,Average,Important
658,668.0,1000130,3,4,2,2,Important,Relevant,Average,Average
659,447.0,1002029,2,3,2,2,Average,Important,Average,Average
660,1301.0,1001350,3,3,2,2,Important,Important,Average,Average
661,383.0,1001926,3,4,2,2,Important,Relevant,Average,Average
662,467.0,1002057,2,3,1,2,Average,Important,Low,Average
663,696.0,1000123,3,4,2,2,Important,Relevant,Average,Average
664,1176.0,1001138,3,4,2,3,Important,Relevant,Average,Important
665,1172.0,1001132,2,4,2,2,Average,Relevant,Average,Average
666,1158.0,1001118,3,4,2,2,Important,Relevant,Average,Average
667,203.0,1001529,3,3,2,2,Important,Important,Average,Average
668,191.0,1001268,2,3,1,2,Average,Important,Low,Average
669,81.0,1001235,3,4,2,4,Important,Relevant,Average,Relevant
670,1140.0,1001601,2,4,2,2,Average,Relevant,Average,Average
671,854.0,1000483,2,3,3,2,Average,Important,Important,Average
672,1193.0,1001215,3,4,2,2,Important,Relevant,Average,Average
673,1294.0,1001341,3,4,2,3,Important,Relevant,Average,Important
674,744.0,1001415,3,3,2,2,Important,Important,Average,Average
675,1299.0,1001346,3,3,2,2,Important,Important,Average,Average
676,1279.0,1001325,3,3,2,2,Important,Important,Average,Average
677,25.0,1001631,3,4,1,3,Important,Relevant,Low,Important
678,1283.0,1001330,2,4,2,3,Average,Relevant,Average,Important
679,1083.0,1001357,3,3,2,2,Important,Important,Average,Average
680,1098.0,1001376,3,3,2,2,Important,Important,Average,Average
681,1249.0,1001306,3,3,2,2,Important,Important,Average,Average
682,1105.0,1001380,3,3,2,2,Important,Important,Average,Average
683,675.0,1000240,3,3,1,2,Important,Important,Low,Average
684,201.0,1001364,3,3,2,2,Important,Important,Average,Average
685,1308.0,1001369,2,3,2,2,Average,Important,Average,Average
686,1107.0,1001382,2,4,2,3,Average,Relevant,Average,Important
687,389.0,1001932,3,3,3,2,Important,Important,Important,Average
688,1118.0,1001392,2,3,1,2,Average,Important,Low,Average
689,400.0,1001945,3,4,4,3,Important,Relevant,Relevant,Important
690,301.0,1001539,2,3,3,2,Average,Important,Important,Average
691,35.0,1002024,2,4,2,3,Average,Relevant,Average,Important
692,328.0,1001525,3,3,2,2,Important,Important,Average,Average
693,1157.0,1001123,3,4,3,2,Important,Relevant,Important,Average
694,114.0,1002041,2,4,3,3,Average,Relevant,Important,Important
695,751.0,1000226,4,4,2,2,Relevant,Relevant,Average,Average
696,1258.0,1001305,4,3,1,2,Relevant,Important,Low,Average
697,1291.0,1001337,3,4,2,2,Important,Relevant,Average,Average
698,1254.0,1001303,3,3,2,2,Important,Important,Average,Average
699,1306.0,1001352,3,3,2,2,Important,Important,Average,Average
700,1309.0,1001354,3,3,2,3,Important,Important,Average,Important
701,1263.0,1001308,2,4,2,3,Average,Relevant,Average,Important
702,1300.0,1001347,2,2,1,2,Average,Average,Low,Average
703,321.0,1001410,4,4,2,3,Relevant,Relevant,Average,Important
704,1120.0,1001401,2,3,1,3,Average,Important,Low,Important
705,1053.0,1001110,2,4,1,2,Average,Relevant,Low,Average
706,1136.0,1001103,2,4,1,3,Average,Relevant,Low,Important
707,1278.0,1001327,3,4,1,2,Important,Relevant,Low,Average
708,1323.0,1001372,3,3,2,2,Important,Important,Average,Average
709,1149.0,1001255,3,3,2,2,Important,Important,Average,Average
710,640.0,1001363,3,4,2,2,Important,Relevant,Average,Average
711,1322.0,1001365,2,3,1,2,Average,Important,Low,Average
712,705.0,1000118,3,4,3,2,Important,Relevant,Important,Average
713,238.0,1001743,3,4,2,2,Important,Relevant,Average,Average
714,713.0,1000129,2,4,2,2,Average,Relevant,Average,Average
715,843.0,1000453,2,4,2,3,Average,Relevant,Average,Important
716,755.0,1000218,3,4,2,2,Important,Relevant,Average,Average
717,673.0,1000327,2,4,2,2,Average,Relevant,Average,Average
718,856.0,1000482,3,4,2,2,Important,Relevant,Average,Average
719,906.0,1000538,2,3,3,2,Average,Important,Important,Average
720,236.0,1001711,2,4,2,2,Average,Relevant,Average,Average
721,251.0,1000428,3,4,2,3,Important,Relevant,Average,Important
722,776.0,1000280,2,3,2,2,Average,Important,Average,Average
723,409.0,1058067,1,4,3,3,Low,Relevant,Important,Important
724,869.0,1000549,3,3,2,2,Important,Important,Average,Average
725,521.0,1058033,1,4,3,3,Low,Relevant,Important,Important
726,979.0,1001915,2,4,1,2,Average,Relevant,Low,Average
727,364.0,1001912,2,3,2,2,Average,Important,Average,Average
728,1050.0,1001724,3,4,2,2,Important,Relevant,Average,Average
729,420.0,1001953,2,4,2,3,Average,Relevant,Average,Important
730,963.0,1000725,3,4,2,2,Important,Relevant,Average,Average
731,928.0,1000610,2,3,2,2,Average,Important,Average,Average
732,1093.0,1001039,2,3,2,2,Average,Important,Average,Average
733,1081.0,1001028,3,3,2,2,Important,Important,Average,Average
734,961.0,1000853,3,3,2,2,Important,Important,Average,Average
735,1013.0,1000836,3,3,2,2,Important,Important,Average,Average
736,974.0,1000818,3,3,2,2,Important,Important,Average,Average
737,71.0,1058099,3,4,4,4,Important,Relevant,Relevant,Relevant
738,285.0,1000846,3,3,2,2,Important,Important,Average,Average
739,930.0,1000605,2,3,1,2,Average,Important,Low,Average
740,283.0,1000939,2,4,3,2,Average,Relevant,Important,Average
741,224.0,1001018,3,3,2,2,Important,Important,Average,Average
742,1063.0,1001009,3,4,2,3,Important,Relevant,Average,Important
743,1231.0,1001241,3,2,2,2,Important,Average,Average,Average
744,704.0,1000117,3,4,2,3,Important,Relevant,Average,Important
745,692.0,1000103,3,4,2,2,Important,Relevant,Average,Average
746,627.0,1001375,2,2,2,2,Average,Average,Average,Average
747,0.0,1001236,2,4,1,4,Average,Relevant,Low,Relevant
748,832.0,1000468,2,4,1,3,Average,Relevant,Low,Important
749,1277.0,1001326,2,2,1,2,Average,Average,Low,Average
750,1264.0,1001310,2,4,2,2,Average,Relevant,Average,Average
751,410.0,1002008,2,4,2,3,Average,Relevant,Average,Important
752,309.0,1001506,3,4,3,2,Important,Relevant,Important,Average
753,213.0,1001507,3,4,4,2,Important,Relevant,Relevant,Average
754,558.0,1058071,2,4,2,4,Average,Relevant,Average,Relevant
755,1104.0,1001399,2,4,3,2,Average,Relevant,Important,Average
756,233.0,1001616,3,4,2,2,Important,Relevant,Average,Average
757,1060.0,1001626,3,4,2,2,Important,Relevant,Average,Average
758,1089.0,1001617,2,3,3,2,Average,Important,Important,Average
759,1194.0,1001227,3,3,2,2,Important,Important,Average,Average
760,256.0,1001536,2,4,2,3,Average,Relevant,Average,Important
761,1166.0,1001627,4,3,2,2,Relevant,Important,Average,Average
762,1285.0,1001333,2,3,2,2,Average,Important,Average,Average
763,1273.0,1001318,3,4,1,3,Important,Relevant,Low,Important
764,1169.0,1001315,2,3,2,2,Average,Important,Average,Average
765,1191.0,1001815,2,4,2,3,Average,Relevant,Average,Important
766,43.0,1001611,2,4,2,3,Average,Relevant,Average,Important
767,836.0,1001629,3,4,2,2,Important,Relevant,Average,Average
768,1200.0,1000276,2,4,2,2,Average,Relevant,Average,Average
769,1219.0,1001609,3,3,2,2,Important,Important,Average,Average
770,221.0,1000603,3,3,2,2,Important,Important,Average,Average
771,242.0,1001729,2,4,3,2,Average,Relevant,Important,Average
772,857.0,1000565,2,3,3,2,Average,Important,Important,Average
773,603.0,1058118,3,3,3,2,Important,Important,Important,Average
774,975.0,1000916,3,4,3,3,Important,Relevant,Important,Important
775,1321.0,1001545,3,3,2,2,Important,Important,Average,Average
776,123.0,1001946,3,4,3,2,Important,Relevant,Important,Average
777,932.0,1000609,3,4,3,2,Important,Relevant,Important,Average
778,1014.0,1000840,2,4,1,3,Average,Relevant,Low,Important
779,262.0,1000437,2,3,3,2,Average,Important,Important,Average
780,1003.0,1000838,2,3,1,2,Average,Important,Low,Average
781,947.0,1000860,2,3,2,2,Average,Important,Average,Average
782,346.0,1000921,2,4,3,2,Average,Relevant,Important,Average
783,1325.0,1001603,3,4,2,2,Important,Relevant,Average,Average
784,727.0,1000167,3,4,2,2,Important,Relevant,Average,Average
785,638.0,1001720,3,4,2,2,Important,Relevant,Average,Average
786,243.0,1001731,2,4,2,2,Average,Relevant,Average,Average
787,1304.0,1001351,2,3,2,2,Average,Important,Average,Average
788,381.0,1000274,3,4,2,2,Important,Relevant,Average,Average
789,100.0,1000326,2,3,2,2,Average,Important,Average,Average
790,797.0,1000403,2,3,2,2,Average,Important,Average,Average
791,777.0,1000310,2,4,2,2,Average,Relevant,Average,Average
792,867.0,1000502,2,4,2,2,Average,Relevant,Average,Average
793,1088.0,1001034,4,4,2,2,Relevant,Relevant,Average,Average
794,579.0,1058098,3,4,1,3,Important,Relevant,Low,Important
795,259.0,1000432,2,4,2,3,Average,Relevant,Average,Important
796,296.0,1001367,2,3,2,2,Average,Important,Average,Average
797,305.0,1001816,3,4,2,2,Important,Relevant,Average,Average
798,666.0,1000308,2,4,1,3,Average,Relevant,Low,Important
799,1092.0,1001036,3,4,1,3,Important,Relevant,Low,Important
800,418.0,1000277,2,4,2,2,Average,Relevant,Average,Average
801,1023.0,1000851,4,4,2,3,Relevant,Relevant,Average,Important
802,787.0,1000324,3,4,2,2,Important,Relevant,Average,Average
803,882.0,1000513,2,4,2,3,Average,Relevant,Average,Important
804,779.0,1000302,3,4,1,3,Important,Relevant,Low,Important
805,800.0,1000405,3,3,3,2,Important,Important,Important,Average
806,837.0,1000447,1,2,3,2,Low,Average,Important,Average
807,311.0,1001105,2,3,1,1,Average,Important,Low,Low
808,293.0,1001242,2,2,2,2,Average,Average,Average,Average
809,900.0,1000531,3,3,2,2,Important,Important,Average,Average
810,924.0,1000567,2,3,1,2,Average,Important,Low,Average
811,386.0,1001930,2,3,2,2,Average,Important,Average,Average
812,1134.0,1001607,3,4,2,2,Important,Relevant,Average,Average
813,373.0,1000615,2,4,1,2,Average,Relevant,Low,Average
814,791.0,1000313,2,4,1,3,Average,Relevant,Low,Important
815,1318.0,1000514,2,3,1,2,Average,Important,Low,Average
816,913.0,1000568,2,4,2,3,Average,Relevant,Average,Important
817,550.0,1000133,2,4,2,2,Average,Relevant,Average,Average
818,1330.0,1001637,2,3,2,2,Average,Important,Average,Average
819,695.0,1001533,2,4,2,2,Average,Relevant,Average,Average
820,64.0,1058068,3,4,2,3,Important,Relevant,Average,Important
821,674.0,1001267,2,4,2,3,Average,Relevant,Average,Important
822,169.0,1001537,3,4,2,3,Important,Relevant,Average,Important
823,234.0,1000859,2,4,2,2,Average,Relevant,Average,Average
824,904.0,1000535,3,3,2,2,Important,Important,Average,Average
825,962.0,1001006,3,4,2,2,Important,Relevant,Average,Average
826,1042.0,1000941,1,4,2,4,Low,Relevant,Average,Relevant
827,991.0,1000926,2,3,2,2,Average,Important,Average,Average
828,92.0,1000188,2,4,1,3,Average,Relevant,Low,Important
829,615.0,1000229,2,4,1,2,Average,Relevant,Low,Average
830,739.0,1000210,3,4,2,2,Important,Relevant,Average,Average
831,662.0,1000611,3,4,2,3,Important,Relevant,Average,Important
832,1186.0,1001206,3,4,1,2,Important,Relevant,Low,Average
833,7.0,1000827,2,2,2,2,Average,Average,Average,Average
834,711.0,1000139,3,4,2,3,Important,Relevant,Average,Important
835,1041.0,1000929,2,4,3,2,Average,Relevant,Important,Average
836,1262.0,1000718,2,3,2,2,Average,Important,Average,Average
837,120.0,1000852,3,2,1,2,Important,Average,Low,Average
838,173.0,1000731,2,2,1,2,Average,Average,Low,Average
839,940.0,1000646,2,3,1,2,Average,Important,Low,Average
840,618.0,1000645,2,4,4,2,Average,Relevant,Relevant,Average
841,1037.0,1000909,3,4,2,2,Important,Relevant,Average,Average
842,1210.0,1001348,2,3,2,2,Average,Important,Average,Average
843,411.0,1001042,3,3,2,2,Important,Important,Average,Average
844,569.0,1058086,3,4,2,2,Important,Relevant,Average,Average
845,582.0,1000948,2,4,3,2,Average,Relevant,Important,Average
846,1004.0,1000823,1,3,2,2,Low,Important,Average,Average
847,1205.0,1000471,2,3,2,2,Average,Important,Average,Average
848,969.0,1000733,3,4,2,3,Important,Relevant,Average,Important
849,633.0,1000642,3,4,2,2,Important,Relevant,Average,Average
850,926.0,1000619,2,2,3,1,Average,Average,Important,Low
851,421.0,1000908,2,4,2,2,Average,Relevant,Average,Average
852,97.0,1000189,2,4,3,2,Average,Relevant,Important,Average
853,184.0,1000101,2,4,3,2,Average,Relevant,Important,Average
854,1071.0,1001037,2,3,2,2,Average,Important,Average,Average
855,527.0,1058044,2,3,1,2,Average,Important,Low,Average
856,372.0,1001913,2,3,3,2,Average,Important,Important,Average
857,168.0,1001940,2,3,2,2,Average,Important,Average,Average
858,685.0,1000946,3,3,2,2,Important,Important,Average,Average
859,781.0,1000304,2,4,1,2,Average,Relevant,Low,Average
860,731.0,1000175,2,4,1,2,Average,Relevant,Low,Average
861,513.0,1058028,1,4,3,2,Low,Relevant,Important,Average
862,1167.0,1001203,3,4,2,3,Important,Relevant,Average,Important
863,1032.0,1000863,3,4,2,3,Important,Relevant,Average,Important
864,1015.0,1000841,3,3,2,2,Important,Important,Average,Average
865,244.0,1001722,3,4,2,2,Important,Relevant,Average,Average
866,37.0,1001955,2,4,2,3,Average,Relevant,Average,Important
867,1150.0,1001107,3,4,2,3,Important,Relevant,Average,Important
868,1192.0,1001262,3,3,3,2,Important,Important,Important,Average
869,1317.0,1001362,2,3,1,2,Average,Important,Low,Average
870,158.0,1000478,2,2,2,2,Average,Average,Average,Average
871,387.0,1001931,2,3,2,2,Average,Important,Average,Average
872,487.0,1001413,3,4,2,4,Important,Relevant,Average,Relevant
873,360.0,1001902,2,4,2,3,Average,Relevant,Average,Important
874,403.0,1001947,3,2,2,2,Important,Average,Average,Average
875,645.0,1000202,2,4,1,2,Average,Relevant,Low,Average
876,1226.0,1001233,3,3,2,3,Important,Important,Average,Important
877,483.0,1002062,2,3,2,2,Average,Important,Average,Average
878,1197.0,1001344,1,4,2,3,Low,Relevant,Average,Important
879,377.0,1001395,2,4,2,2,Average,Relevant,Average,Average
880,55.0,1058024,4,4,2,3,Relevant,Relevant,Average,Important
881,1276.0,1001323,3,3,2,2,Important,Important,Average,Average
882,341.0,1001301,2,3,1,2,Average,Important,Low,Average
883,1117.0,1001405,3,3,2,3,Important,Important,Average,Important
884,585.0,1058106,1,4,4,4,Low,Relevant,Relevant,Relevant
885,1303.0,1001630,3,4,2,2,Important,Relevant,Average,Average
886,1114.0,1001388,2,3,2,2,Average,Important,Average,Average
887,21.0,1001964,1,3,2,3,Low,Important,Average,Important
888,333.0,1001830,2,4,2,2,Average,Relevant,Average,Average
889,762.0,1000238,3,3,1,2,Important,Important,Low,Average
890,1225.0,1001232,2,4,1,3,Average,Relevant,Low,Important
891,639.0,1001547,2,3,4,2,Average,Important,Relevant,Average
892,1116.0,1001391,3,2,2,2,Important,Average,Average,Average
893,406.0,1001938,3,4,2,3,Important,Relevant,Average,Important
894,1230.0,1001707,3,4,2,2,Important,Relevant,Average,Average
895,1215.0,1001818,2,3,3,2,Average,Important,Important,Average
896,903.0,1000534,3,4,2,3,Important,Relevant,Average,Important
897,1057.0,1001725,3,3,1,2,Important,Important,Low,Average
898,1266.0,1001523,2,4,2,4,Average,Relevant,Average,Relevant
899,1257.0,1001513,3,3,2,2,Important,Important,Average,Average
900,348.0,1001850,1,4,2,4,Low,Relevant,Average,Relevant
901,136.0,1001534,2,3,3,2,Average,Important,Important,Average
902,489.0,1002075,2,2,2,2,Average,Average,Average,Average
903,1329.0,1001632,2,2,2,2,Average,Average,Average,Average
904,5.0,1001963,2,4,2,2,Average,Relevant,Average,Average
905,1173.0,1001345,1,3,2,2,Low,Important,Average,Average
906,1076.0,1001022,3,3,2,2,Important,Important,Average,Average
907,1029.0,1000936,2,3,3,2,Average,Important,Important,Average
908,289.0,1001965,1,1,4,2,Low,Low,Relevant,Average
909,359.0,1001908,2,4,2,2,Average,Relevant,Average,Average
910,80.0,1058105,3,3,2,3,Important,Important,Average,Important
911,1227.0,1001237,3,4,2,3,Important,Relevant,Average,Important
912,748.0,1000212,3,4,3,2,Important,Relevant,Important,Average
913,642.0,1000536,3,3,2,2,Important,Important,Average,Average
914,4.0,1001141,2,4,3,3,Average,Relevant,Important,Important
915,1208.0,1001702,3,4,1,2,Important,Relevant,Low,Average
916,245.0,1001723,3,4,2,2,Important,Relevant,Average,Average
917,139.0,1001101,2,3,3,2,Average,Important,Important,Average
918,682.0,1000163,2,4,3,3,Average,Relevant,Important,Important
919,1175.0,1000629,3,4,2,2,Important,Relevant,Average,Average
920,279.0,1000734,2,2,1,2,Average,Average,Low,Average
921,572.0,1000124,3,4,2,2,Important,Relevant,Average,Average
922,307.0,1001811,3,4,3,2,Important,Relevant,Important,Average
923,1009.0,1000844,3,3,2,2,Important,Important,Average,Average
924,796.0,1000401,2,3,3,2,Average,Important,Important,Average
925,874.0,1000504,3,4,2,2,Important,Relevant,Average,Average
926,732.0,1000177,2,4,2,2,Average,Relevant,Average,Average
927,121.0,1000920,2,4,2,2,Average,Relevant,Average,Average
928,6.0,1001914,2,3,2,2,Average,Important,Average,Average
929,894.0,1000527,2,3,1,2,Average,Important,Low,Average
930,205.0,1001628,3,4,2,3,Important,Relevant,Average,Important
931,434.0,1002013,2,3,2,2,Average,Important,Average,Average
932,417.0,1002011,2,4,2,3,Average,Relevant,Average,Important
933,964.0,1000726,2,3,2,2,Average,Important,Average,Average
934,623.0,1001133,3,3,2,2,Important,Important,Average,Average
935,939.0,1000711,2,4,1,3,Average,Relevant,Low,Important
936,933.0,1000621,2,4,3,2,Average,Relevant,Important,Average
937,196.0,1001004,2,2,2,2,Average,Average,Average,Average
938,1087.0,1001135,3,4,2,2,Important,Relevant,Average,Average
939,1179.0,1001144,2,4,3,2,Average,Relevant,Important,Average
940,611.0,1000114,1,4,2,2,Low,Relevant,Average,Average
941,1046.0,1000949,2,4,1,2,Average,Relevant,Low,Average
942,946.0,1000867,2,4,2,3,Average,Relevant,Average,Important
943,510.0,1058030,3,3,2,2,Important,Important,Average,Average
944,193.0,1001823,2,3,1,2,Average,Important,Low,Average
945,1018.0,1000848,3,3,2,2,Important,Important,Average,Average
946,476.0,1000325,2,3,1,2,Average,Important,Low,Average
947,683.0,1001502,3,3,2,2,Important,Important,Average,Average
948,1094.0,1001368,3,4,1,3,Important,Relevant,Low,Important
949,190.0,1001927,2,3,2,2,Average,Important,Average,Average
950,375.0,1001925,2,4,3,2,Average,Relevant,Important,Average
951,1248.0,1001270,2,4,3,3,Average,Relevant,Important,Important
952,763.0,1000333,3,4,2,2,Important,Relevant,Average,Average
953,730.0,1000164,3,4,2,2,Important,Relevant,Average,Average
954,555.0,1001131,2,4,1,2,Average,Relevant,Low,Average
955,304.0,1001809,3,3,2,2,Important,Important,Average,Average
956,912.0,1000544,3,4,2,2,Important,Relevant,Average,Average
957,428.0,1002005,2,3,2,2,Average,Important,Average,Average
958,119.0,1002068,2,4,3,3,Average,Relevant,Important,Important
959,456.0,1002035,3,4,1,2,Important,Relevant,Low,Average
960,1106.0,1001381,2,2,2,2,Average,Average,Average,Average
961,778.0,1000330,3,4,2,2,Important,Relevant,Average,Average
962,756.0,1000222,2,4,2,2,Average,Relevant,Average,Average
963,288.0,1001120,2,3,3,2,Average,Important,Important,Average
964,463.0,1000196,1,4,3,2,Low,Relevant,Important,Average
965,1084.0,1001030,2,4,2,3,Average,Relevant,Average,Important
966,754.0,1000952,2,3,2,2,Average,Important,Average,Average
967,577.0,1000937,1,2,1,1,Low,Average,Low,Low
968,811.0,1000413,2,3,2,2,Average,Important,Average,Average
969,484.0,1000107,2,4,2,4,Average,Relevant,Average,Relevant
970,690.0,1000111,2,3,2,2,Average,Important,Average,Average
971,313.0,1001949,3,4,2,2,Important,Relevant,Average,Average
972,910.0,1000542,1,4,2,2,Low,Relevant,Average,Average
973,159.0,1001230,3,3,1,2,Important,Important,Low,Average
974,1274.0,1000165,2,3,1,2,Average,Important,Low,Average
975,1027.0,1000861,2,4,2,2,Average,Relevant,Average,Average
976,104.0,1000470,3,2,2,2,Important,Average,Average,Average
977,1211.0,1001222,3,4,1,3,Important,Relevant,Low,Important
978,426.0,1002006,3,3,2,2,Important,Important,Average,Average
979,1048.0,1001625,3,4,2,3,Important,Relevant,Average,Important
980,1038.0,1000910,2,4,2,2,Average,Relevant,Average,Average
981,323.0,1001824,2,3,2,2,Average,Important,Average,Average
982,98.0,1000252,3,3,2,2,Important,Important,Average,Average
983,759.0,1000237,3,4,2,2,Important,Relevant,Average,Average
984,1159.0,1001602,2,4,1,2,Average,Relevant,Low,Average
985,1233.0,1001248,2,4,1,3,Average,Relevant,Low,Important
986,534.0,1000932,2,4,3,2,Average,Relevant,Important,Average
987,883.0,1000637,2,4,2,3,Average,Relevant,Average,Important
988,436.0,1000639,2,4,2,3,Average,Relevant,Average,Important
989,148.0,1001543,3,4,2,4,Important,Relevant,Average,Relevant
990,280.0,1000247,3,4,2,2,Important,Relevant,Average,Average
991,880.0,1000519,3,4,2,4,Important,Relevant,Average,Relevant
992,129.0,1001386,2,3,2,2,Average,Important,Average,Average
993,556.0,1000400,2,3,2,2,Average,Important,Average,Average
994,465.0,1000186,2,4,1,3,Average,Relevant,Low,Important
995,303.0,1001817,2,4,2,2,Average,Relevant,Average,Average
996,84.0,1000261,3,3,2,2,Important,Important,Average,Average
997,231.0,1002021,2,2,2,2,Average,Average,Average,Average
998,916.0,1000547,2,2,2,2,Average,Average,Average,Average
999,89.0,1000335,2,4,4,2,Average,Relevant,Relevant,Average
1000,322.0,1001393,2,3,2,2,Average,Important,Average,Average
1001,1111.0,1001384,2,4,2,2,Average,Relevant,Average,Average
1002,973.0,1000803,3,3,2,2,Important,Important,Average,Average
1003,717.0,1000145,3,4,1,2,Important,Relevant,Low,Average
1004,934.0,1000923,2,4,2,2,Average,Relevant,Average,Average
1005,622.0,1000209,2,4,4,3,Average,Relevant,Relevant,Important
1006,150.0,1001260,2,4,2,4,Average,Relevant,Average,Relevant
1007,1113.0,1001387,2,4,2,4,Average,Relevant,Average,Relevant
1008,1242.0,1001258,1,3,2,2,Low,Important,Average,Average
1009,294.0,1001511,2,3,2,2,Average,Important,Average,Average
1010,1302.0,1001732,2,4,2,2,Average,Relevant,Average,Average
1011,61.0,1058058,2,3,2,3,Average,Important,Average,Important
1012,1313.0,1001360,2,3,1,2,Average,Important,Low,Average
1013,320.0,1001826,2,4,2,3,Average,Relevant,Average,Important
1014,914.0,1000557,2,2,2,1,Average,Average,Average,Low
1015,672.0,1001532,2,3,2,2,Average,Important,Average,Average
1016,442.0,1002064,2,4,1,2,Average,Relevant,Low,Average
1017,239.0,1000182,2,4,2,3,Average,Relevant,Average,Important
1018,718.0,1000214,2,4,3,2,Average,Relevant,Important,Average
1019,936.0,1000730,2,3,2,2,Average,Important,Average,Average
1020,450.0,1000903,3,4,2,3,Important,Relevant,Average,Important
1021,1287.0,1001129,3,4,1,3,Important,Relevant,Low,Important
1022,482.0,1058027,2,4,2,3,Average,Relevant,Average,Important
1023,512.0,1000172,2,4,1,3,Average,Relevant,Low,Important
1024,1143.0,1001046,2,3,2,2,Average,Important,Average,Average
1025,229.0,1001052,2,3,2,2,Average,Important,Average,Average
1026,290.0,1000835,2,4,2,3,Average,Relevant,Average,Important
1027,873.0,1000501,3,4,2,3,Important,Relevant,Average,Important
1028,654.0,1000264,2,4,2,2,Average,Relevant,Average,Average
1029,728.0,1000168,2,4,2,3,Average,Relevant,Average,Important
1030,137.0,1000488,2,3,2,2,Average,Important,Average,Average
1031,144.0,1000314,2,3,2,2,Average,Important,Average,Average
1032,155.0,1000434,3,3,2,2,Important,Important,Average,Average
1033,115.0,1002072,2,3,3,2,Average,Important,Important,Average
1034,103.0,1000445,2,4,2,3,Average,Relevant,Average,Important
1035,689.0,1000522,2,4,2,2,Average,Relevant,Average,Average
1036,1147.0,1001054,2,3,2,2,Average,Important,Average,Average
1037,981.0,1000856,2,3,2,2,Average,Important,Average,Average
1038,501.0,1000507,2,3,1,2,Average,Important,Low,Average
1039,1045.0,1000636,2,2,2,2,Average,Average,Average,Average
1040,412.0,1002002,3,4,2,2,Important,Relevant,Average,Average
1041,647.0,1000606,1,4,2,2,Low,Relevant,Average,Average
1042,896.0,1000541,2,3,2,2,Average,Important,Average,Average
1043,473.0,1002055,2,4,3,3,Average,Relevant,Important,Important
1044,335.0,1000248,2,4,2,2,Average,Relevant,Average,Average
1045,1310.0,1001356,2,4,2,3,Average,Relevant,Average,Important
1046,172.0,1002047,1,3,1,3,Low,Important,Low,Important
1047,334.0,1001831,3,4,2,4,Important,Relevant,Average,Relevant
1048,655.0,1001966,2,4,2,3,Average,Relevant,Average,Important
1049,1001.0,1000825,2,3,1,2,Average,Important,Low,Average
1050,113.0,1000614,2,4,2,3,Average,Relevant,Average,Important
1051,200.0,1001742,2,4,1,2,Average,Relevant,Low,Average
1052,1196.0,1001234,1,4,1,3,Low,Relevant,Low,Important
1053,958.0,1000717,3,4,3,2,Important,Relevant,Important,Average
1054,1005.0,1000938,2,4,3,2,Average,Relevant,Important,Average
1055,385.0,1001928,3,4,2,2,Important,Relevant,Average,Average
1056,183.0,1001741,2,4,3,3,Average,Relevant,Important,Important
1057,780.0,1000303,3,4,2,2,Important,Relevant,Average,Average
1058,272.0,1000620,2,3,2,2,Average,Important,Average,Average
1059,179.0,1000641,2,4,3,2,Average,Relevant,Important,Average
1060,1148.0,1000183,2,4,2,2,Average,Relevant,Average,Average
1061,849.0,1000556,3,4,2,2,Important,Relevant,Average,Average
1062,1281.0,1001328,2,4,2,3,Average,Relevant,Average,Important
1063,561.0,1058076,1,4,1,4,Low,Relevant,Low,Relevant
1064,371.0,1001911,3,4,2,3,Important,Relevant,Average,Important
1065,589.0,1001370,2,2,2,2,Average,Average,Average,Average
1066,277.0,1001958,3,4,2,3,Important,Relevant,Average,Important
1067,419.0,1001951,2,4,4,3,Average,Relevant,Relevant,Important
1068,141.0,1000904,2,4,2,2,Average,Relevant,Average,Average
1069,1077.0,1001023,3,3,2,2,Important,Important,Average,Average
1070,736.0,1000180,1,3,1,2,Low,Important,Low,Average
1071,1180.0,1001140,2,4,1,2,Average,Relevant,Low,Average
1072,1108.0,1001390,2,3,2,2,Average,Important,Average,Average
1073,786.0,1000315,2,4,2,4,Average,Relevant,Average,Relevant
1074,583.0,1000242,3,4,2,2,Important,Relevant,Average,Average
1075,357.0,1000125,3,4,2,4,Important,Relevant,Average,Relevant
1076,535.0,1000492,2,3,2,2,Average,Important,Average,Average
1077,1286.0,1001335,3,2,2,2,Important,Average,Average,Average
1078,520.0,1058063,3,4,2,3,Important,Relevant,Average,Important
1079,938.0,1000638,2,3,2,2,Average,Important,Average,Average
1080,517.0,1058031,2,4,2,4,Average,Relevant,Average,Relevant
1081,785.0,1000307,2,4,2,3,Average,Relevant,Average,Important
1082,68.0,1000811,2,4,1,3,Average,Relevant,Low,Important
1083,1305.0,1001359,3,3,2,2,Important,Important,Average,Average
1084,1144.0,1001050,3,3,3,2,Important,Important,Important,Average
1085,679.0,1000135,2,4,2,3,Average,Relevant,Average,Important
1086,671.0,1000112,2,4,2,2,Average,Relevant,Average,Average
1087,1011.0,1000857,2,3,1,2,Average,Important,Low,Average
1088,431.0,1000281,1,4,2,2,Low,Relevant,Average,Average
1089,161.0,1001814,2,4,2,3,Average,Relevant,Average,Important
1090,735.0,1000179,1,3,2,2,Low,Important,Average,Average
1091,145.0,1001247,1,4,2,2,Low,Relevant,Average,Average
1092,1074.0,1001402,2,4,1,3,Average,Relevant,Low,Important
1093,164.0,1001739,1,4,2,2,Low,Relevant,Average,Average
1094,88.0,1000140,1,4,1,2,Low,Relevant,Low,Average
1095,699.0,1000108,2,4,3,4,Average,Relevant,Important,Relevant
1096,994.0,1058010,2,3,2,3,Average,Important,Average,Important
1097,494.0,1058006,1,4,2,3,Low,Relevant,Average,Important
1098,388.0,1000230,2,4,4,3,Average,Relevant,Relevant,Important
1099,267.0,1001802,2,4,1,2,Average,Relevant,Low,Average
1100,631.0,1001853,1,4,2,2,Low,Relevant,Average,Average
1101,14.0,1001839,2,2,1,2,Average,Average,Low,Average
1102,935.0,1000633,2,3,2,2,Average,Important,Average,Average
1103,248.0,1000917,2,4,2,2,Average,Relevant,Average,Average
1104,9.0,1000832,2,4,3,3,Average,Relevant,Important,Important
1105,1269.0,1001313,2,4,2,3,Average,Relevant,Average,Important
1106,48.0,1002061,1,3,1,2,Low,Important,Low,Average
1107,29.0,1001917,3,3,2,2,Important,Important,Average,Average
1108,91.0,1000227,2,4,2,2,Average,Relevant,Average,Average
1109,1168.0,1001125,2,4,2,3,Average,Relevant,Average,Important
1110,888.0,1000516,2,4,3,2,Average,Relevant,Important,Average
1111,925.0,1000571,1,1,3,1,Low,Low,Important,Low
1112,544.0,1000232,2,4,1,2,Average,Relevant,Low,Average
1113,1.0,1002016,1,4,2,4,Low,Relevant,Average,Relevant
1114,774.0,1000269,2,4,4,2,Average,Relevant,Relevant,Average
1115,253.0,1000225,2,4,2,2,Average,Relevant,Average,Average
1116,269.0,1001717,2,4,3,2,Average,Relevant,Important,Average
1117,102.0,1000431,3,3,1,2,Important,Important,Low,Average
1118,16.0,1000625,2,4,2,3,Average,Relevant,Average,Important
1119,1245.0,1001264,1,2,4,2,Low,Average,Relevant,Average
1120,308.0,1000265,2,3,3,2,Average,Important,Important,Average
1121,950.0,1000708,3,3,2,2,Important,Important,Average,Average
1122,949.0,1001544,1,4,2,4,Low,Relevant,Average,Relevant
1123,536.0,1058051,2,4,2,4,Average,Relevant,Average,Relevant
1124,188.0,1001361,1,4,3,3,Low,Relevant,Important,Important
1125,506.0,1058019,1,4,2,3,Low,Relevant,Average,Important
1126,992.0,1000810,2,2,1,2,Average,Average,Low,Average
1127,557.0,1058070,2,4,2,3,Average,Relevant,Average,Important
1128,496.0,1058021,2,4,2,3,Average,Relevant,Average,Important
1129,566.0,1058078,2,2,1,2,Average,Average,Low,Average
1130,1128.0,1001522,1,3,2,3,Low,Important,Average,Important
1131,1284.0,1001331,2,3,2,2,Average,Important,Average,Average
1132,567.0,1058085,1,3,2,2,Low,Important,Average,Average
1133,274.0,1000902,2,4,2,3,Average,Relevant,Average,Important
1134,17.0,1000630,1,4,2,3,Low,Relevant,Average,Important
1135,36.0,1001322,2,4,3,3,Average,Relevant,Important,Important
1136,429.0,1000323,2,4,1,2,Average,Relevant,Low,Average
1137,801.0,1000448,2,3,2,2,Average,Important,Average,Average
